City_ID,City,Lat,Lng,MaxTemp,Humidity,Cloudiness,WindSpeed,Country,Date
0,xining,36.6167,101.7667,-8.8,90,100,0.74,CN,1707157951
1,tumut,-35.3,148.2167,19.63,95,100,1.31,AU,1707157952
2,east london,-33.0153,27.9116,23.52,83,0,2.06,ZA,1707157952
3,grytviken,-54.2811,-36.5092,8.38,64,64,5.63,GS,1707157952
4,georgetown,5.4112,100.3354,28.97,78,20,3.09,MY,1707157717
5,tiksi,71.6872,128.8694,-32.79,97,75,0.92,RU,1707157953
6,waitangi,-43.9535,-176.5597,17.68,93,98,2.24,NZ,1707157953
7,taichung,24.1469,120.6839,17.28,83,75,3.6,TW,1707157953
8,albany,42.6001,-73.9662,3.66,46,4,1.79,US,1707157953
9,vila franca do campo,37.7167,-25.4333,18.27,99,55,5.21,PT,1707157954
10,edinburgh of the seven seas,-37.0676,-12.3116,16.0,62,0,2.48,SH,1707157954
11,port augusta,-32.5,137.7667,16.05,59,0,9.28,AU,1707157955
12,gadzhiyevo,69.2551,33.3362,-19.16,100,98,2.49,RU,1707157955
13,malango,-2.9627,119.9001,20.29,95,100,1.07,ID,1707157955
14,avarua,-21.2078,-159.775,28.03,83,20,6.17,CK,1707157955
15,san luis de la loma,17.2706,-100.8939,29.21,57,0,4.38,MX,1707157956
16,adamstown,-25.066,-130.1015,23.39,86,100,8.97,PN,1707157956
17,ushuaia,-54.8,-68.3,14.81,51,90,4.63,AR,1707157697
18,inhambane,-23.865,35.3833,27.99,83,40,2.06,MZ,1707157956
19,nova sintra,14.8667,-24.7167,21.4,67,0,4.67,CV,1707157956
20,port saint john's,-31.6229,29.5448,23.37,95,0,1.59,ZA,1707157957
21,hilo,19.7297,-155.09,20.71,95,100,3.09,US,1707157800
22,iqaluit,63.7506,-68.5145,-20.15,77,100,1.03,CA,1707157957
23,port shepstone,-30.7414,30.455,23.91,90,12,6.03,ZA,1707157958
24,papatowai,-46.5619,169.4708,18.6,62,100,4.63,NZ,1707157958
25,kristiansund,63.1115,7.732,-1.64,93,100,2.06,NO,1707157958
26,geiro,-6.15,36.8667,17.97,93,100,1.12,TZ,1707157958
27,la passe,45.5549,-0.8967,7.21,85,100,0.67,FR,1707157959
28,puerto ayora,-0.7393,-90.3518,27.98,90,72,3.13,EC,1707157959
29,port-aux-francais,-49.35,70.2167,6.02,84,99,13.0,TF,1707157959
30,kourou,5.1552,-52.6478,31.03,69,72,4.61,GF,1707157959
31,utrik,11.2278,169.8474,26.41,82,14,8.86,MH,1707157960
32,petropavlovsk-kamchatsky,53.0452,158.6483,-11.67,77,75,4.02,RU,1707157845
33,guerrero negro,27.9769,-114.0611,18.53,55,99,2.9,MX,1707157960
34,margaret river,-33.95,115.0667,12.4,90,80,3.89,AU,1707157960
35,invercargill,-46.4,168.35,20.01,67,100,5.81,NZ,1707157961
36,novoishimskiy,53.1981,66.7694,0.55,97,100,9.64,KZ,1707157961
37,atherton,53.5237,-2.4935,11.83,78,100,1.79,GB,1707157961
38,prineville,44.2999,-120.8345,7.47,71,75,9.26,US,1707157961
39,hasaki,35.7333,140.8333,2.94,73,100,11.31,JP,1707157962
40,nouadhibou,20.931,-17.0347,28.99,17,0,2.06,MR,1707157962
41,bay roberts,47.5999,-53.2648,3.06,97,100,2.68,CA,1707157962
42,wellington,-41.2866,174.7756,18.37,85,100,10.8,NZ,1707157911
43,nadi,-17.8,177.4167,25.0,94,40,1.03,FJ,1707157963
44,bredasdorp,-34.5322,20.0403,22.62,71,0,3.4,ZA,1707157963
45,puerto natales,-51.7236,-72.4875,15.25,44,40,10.29,CL,1707157956
46,longyearbyen,78.2186,15.6401,-3.09,68,75,3.6,SJ,1707157963
47,lihue,21.9789,-159.3672,22.42,69,100,11.32,US,1707157963
48,punta arenas,-53.15,-70.9167,14.06,47,20,12.86,CL,1707157964
49,madera,37.1666,-119.8343,16.42,71,100,4.61,US,1707157964
50,meadow lake,34.8014,-106.5436,12.2,37,100,0.77,US,1707157964
51,reggane,26.7158,0.1714,18.67,18,53,4.18,DZ,1707157964
52,al miqdadiyah,33.9786,44.9369,14.66,51,100,3.05,IQ,1707157965
53,jamestown,42.097,-79.2353,1.4,85,100,4.63,US,1707157835
54,remire-montjoly,4.9167,-52.2667,31.02,70,40,6.17,GF,1707157965
55,flin flon,54.7682,-101.865,-0.09,100,100,2.57,CA,1707157965
56,port lincoln,-34.7333,135.8667,14.67,67,0,5.07,AU,1707157965
57,kill devil hills,36.0307,-75.676,9.43,74,40,7.2,US,1707157966
58,oban,56.4127,-5.4706,9.1,95,100,3.91,GB,1707157966
59,port macquarie,-31.4333,152.9167,21.61,89,100,5.12,AU,1707157966
60,college,64.8569,-147.8028,-23.08,74,20,0.0,US,1707157967
61,caleta de carquin,-11.0925,-77.6267,26.66,69,29,4.34,PE,1707157967
62,hermanus,-34.4187,19.2345,21.56,83,0,3.82,ZA,1707157967
63,yeniseysk,58.4497,92.1703,-5.03,93,100,3.13,RU,1707157967
64,aketi,2.7388,23.7833,29.35,32,100,1.27,CD,1707157968
65,kailua-kona,19.6406,-155.9956,24.72,70,20,3.6,US,1707157922
66,glace bay,46.1969,-59.957,1.26,98,100,7.2,CA,1707157799
67,praia da vitoria,38.7333,-27.0667,19.14,88,40,8.66,PT,1707157968
68,choyr,46.3611,108.3611,-22.34,88,10,2.55,MN,1707157969
69,port mathurin,-19.6833,63.4167,26.29,67,19,7.46,MU,1707157969
70,el nido,11.1858,119.3956,26.21,79,76,3.43,PH,1707157969
71,chonchi,-42.6128,-73.8092,23.95,48,36,3.52,CL,1707157969
72,chegdomyn,51.1167,133.0167,-31.88,100,100,0.75,RU,1707157970
73,puerto baquerizo moreno,-0.9,-89.6,30.55,66,40,5.14,EC,1707157970
74,enewetak,11.3474,162.3373,26.32,75,99,9.52,MH,1707157970
75,carolina beach,34.0352,-77.8936,16.12,53,100,9.88,US,1707157970
76,holualoa,19.6228,-155.9522,23.21,71,20,3.6,US,1707157971
77,dyurtyuli,55.4911,54.8688,-2.4,90,100,5.51,RU,1707157971
78,kendari,-3.945,122.4989,23.81,94,100,0.72,ID,1707157971
79,uturoa,-16.7333,-151.4333,27.81,83,100,9.63,PF,1707157971
80,llanes,43.4198,-4.7549,12.28,85,100,1.49,ES,1707157972
81,lompoc,34.6391,-120.4579,16.4,64,100,3.09,US,1707157875
82,arraial do cabo,-22.9661,-42.0278,31.98,70,0,6.17,BR,1707157973
83,thompson,55.7435,-97.8558,-1.91,93,100,1.03,CA,1707157973
84,sao borja,-28.6606,-56.0044,34.41,37,100,3.76,BR,1707157973
85,shimoda,34.6667,138.95,5.06,87,100,7.34,JP,1707157974
86,mount pearl,47.5166,-52.7813,2.4,96,100,5.14,CA,1707157959
87,fisterra,42.9049,-9.2629,12.64,79,100,2.55,ES,1707157975
88,ribeira brava,32.65,-17.0667,21.67,60,100,4.57,PT,1707157976
89,stanley,54.868,-1.6985,10.77,79,75,10.29,GB,1707157835
90,bintulu,3.1667,113.0333,25.23,94,20,0.0,MY,1707157976
91,atafu village,-8.5421,-172.5159,28.43,80,100,11.29,TK,1707157977
92,bethel,41.3712,-73.414,7.72,45,0,3.6,US,1707157748
93,weno,7.4515,151.8468,27.97,78,75,4.12,FM,1707157977
94,tash-kumyr,41.3461,72.2171,0.64,65,100,2.3,KG,1707157978
95,san julian,21.0167,-102.1667,21.59,10,0,4.23,MX,1707157978
96,udachny,66.4167,112.4,-22.53,83,100,2.12,RU,1707157978
97,maceio,-9.6658,-35.7353,31.69,66,75,6.69,BR,1707157979
98,murghob,38.1702,73.9667,-21.12,76,49,2.79,TJ,1707157979
99,thunder bay,48.4001,-89.3168,3.99,81,100,2.06,CA,1707157702
100,kapa'a,22.0752,-159.319,22.83,69,100,11.32,US,1707157979
101,inari,68.906,27.0288,-23.89,100,100,1.24,FI,1707157979
102,vernon,50.2581,-119.2691,1.53,84,100,0.51,CA,1707157980
103,luderitz,-26.6481,15.1594,20.0,84,0,5.62,NA,1707157981
104,puerto maldonado,-12.6,-69.1833,32.22,66,75,1.03,PE,1707157970
105,dudinka,69.4058,86.1778,-16.85,90,96,4.02,RU,1707157981
106,talnakh,69.4865,88.3972,-22.97,91,85,2.21,RU,1707157981
107,san fernando de apure,7.8878,-67.4724,34.53,42,100,1.94,VE,1707157982
108,cole harbour,44.6724,-63.4751,2.2,89,100,7.72,CA,1707157982
109,bubaque,11.2833,-15.8333,26.39,75,0,6.64,GW,1707157982
110,olonkinbyen,70.9221,-8.7187,-1.83,94,88,6.52,SJ,1707157982
111,blackmans bay,-43.0167,147.3167,11.07,76,39,1.79,AU,1707157983
112,port lavaca,28.615,-96.6261,16.03,73,100,8.23,US,1707157983
113,rio grande,-32.035,-52.0986,29.06,76,49,5.06,BR,1707157983
114,ouargaye,11.5033,0.0572,28.85,11,100,5.57,BF,1707157983
115,amasra,41.7463,32.3863,11.76,76,100,7.21,TR,1707157984
116,bamboo flat,11.7,92.7167,24.05,88,2,1.03,IN,1707157984
117,malanje,-9.5402,16.341,19.0,93,49,1.29,AO,1707157984
118,juneau,58.3019,-134.4197,1.17,97,100,1.54,US,1707157911
119,xilin hot,43.9667,116.0333,-14.13,96,99,2.33,CN,1707157984
120,usogorsk,63.4106,48.6872,-20.19,97,51,2.6,RU,1707157985
121,yellowknife,62.456,-114.3525,-21.99,82,20,3.09,CA,1707157985
122,al qusayr,34.5091,36.5798,9.14,75,20,3.18,SY,1707157986
123,isafjordur,66.0755,-23.124,-6.98,68,75,7.2,IS,1707157986
124,dalby,-27.1833,151.2667,21.74,86,100,4.21,AU,1707157935
125,santa cruz de tenerife,28.4682,-16.2546,23.18,78,0,2.57,ES,1707157906
126,nurota,40.5614,65.6886,5.8,55,80,7.45,UZ,1707157986
127,coquimbo,-29.9533,-71.3436,22.85,68,20,7.2,CL,1707157987
128,anadyr,64.75,177.4833,-26.72,76,40,9.0,RU,1707157987
129,tambura,5.6,27.4667,27.13,33,85,3.8,SS,1707157987
130,wailua homesteads,22.0669,-159.378,22.08,69,100,11.32,US,1707157987
131,quellon,-43.1167,-73.6167,18.68,63,30,5.5,CL,1707157899
132,hobyo,5.3505,48.5268,26.53,77,100,6.89,SO,1707157988
133,shingu,33.7333,135.9833,4.55,84,19,4.43,JP,1707157988
134,arteche,12.2645,125.4048,25.13,89,100,4.71,PH,1707157988
135,ustrzyki dolne,49.4304,22.5938,6.56,93,100,7.1,PL,1707157989
136,bilibino,68.0546,166.4372,-23.94,100,98,1.78,RU,1707157957
137,west island,-12.1568,96.8225,27.99,83,75,3.09,CC,1707157989
138,qaqortoq,60.7167,-46.0333,-16.31,69,0,1.62,GL,1707157762
139,port elizabeth,-33.918,25.5701,21.84,92,100,3.6,ZA,1707157990
140,jijiga,9.35,42.8,16.89,68,18,4.08,ET,1707157990
141,constantia,44.1833,28.65,13.38,75,100,5.74,RO,1707157990
142,pailon,-17.65,-62.75,35.82,27,100,2.8,BO,1707157990
143,carupano,10.6678,-63.2585,32.64,51,13,6.18,VE,1707157991
144,happy valley-goose bay,53.3168,-60.3315,-10.83,67,75,1.03,CA,1707157838
145,tolanaro,-25.0319,46.9987,24.04,88,75,9.26,MG,1707157991
146,ust-nera,64.5667,143.2,-27.8,85,100,0.58,RU,1707157957
147,tual,-5.6667,132.75,28.76,74,100,7.54,ID,1707157992
148,tougue,11.4667,-11.6,26.43,15,0,1.74,GN,1707157992
149,kinablangan,7.6947,126.5503,24.85,84,100,1.85,PH,1707157992
150,al wajh,26.2455,36.4525,20.97,37,0,6.69,SA,1707157992
151,petauke,-14.2426,31.3253,20.56,88,11,1.21,ZM,1707157992
152,waddan,29.1614,16.139,13.56,51,0,2.36,LY,1707157993
153,fale old settlement,-9.3852,-171.2468,29.4,76,100,10.78,TK,1707157993
154,mount gambier,-37.8333,140.7667,10.17,81,7,1.78,AU,1707157852
155,nar'yan-mar,67.6713,53.087,-18.83,97,100,1.79,RU,1707157989
156,neya,58.2972,43.8681,-16.15,100,100,1.43,RU,1707157993
157,fremantle,-32.05,115.7667,21.05,49,10,6.17,AU,1707157967
158,arys,42.4252,68.795,1.56,71,81,2.61,KZ,1707157994
159,ribeira grande,38.5167,-28.7,18.22,94,75,8.05,PT,1707157967
160,bardai,11.65,7.2333,20.46,15,38,5.24,NG,1707157994
161,taoudenni,22.6783,-3.9836,22.8,9,96,4.12,ML,1707157995
162,badger,64.8,-147.5333,-23.13,78,20,0.0,US,1707157995
163,tura,25.5198,90.2201,16.32,55,100,0.66,IN,1707157995
164,polyarnyy,69.1989,33.4478,-19.54,100,99,2.23,RU,1707157960
165,yamada,39.4667,141.95,-0.09,72,100,3.4,JP,1707157996
166,waliso,8.5333,37.9833,14.89,84,34,1.72,ET,1707157996
167,chibougamau,49.9168,-74.3659,-6.21,73,0,1.54,CA,1707157946
168,celestun,20.8667,-90.4,24.16,53,0,10.36,MX,1707157996
169,brisas de zicatela,15.8369,-97.0419,28.29,69,20,3.6,MX,1707157997
170,pueblo nuevo,23.3833,-105.3833,25.91,8,0,0.94,MX,1707157997
171,sfizef,35.2346,-0.2444,17.72,41,100,1.34,DZ,1707157997
172,hawaiian paradise park,19.5933,-154.9731,19.39,95,100,3.09,US,1707157997
173,iskateley,67.6803,53.1512,-18.88,97,100,1.79,RU,1707157998
174,t'q'ibuli,42.3512,42.9987,3.51,99,100,2.14,GE,1707157998
175,ndjole,-0.1783,10.7649,25.92,91,100,1.18,GA,1707157999
176,ancud,-41.8697,-73.8203,17.51,78,82,6.74,CL,1707157999
177,namibe,-15.1961,12.1522,25.41,79,100,4.62,AO,1707157999
178,chamical,-30.36,-66.314,39.27,24,4,9.2,AR,1707158000
179,laguna,38.421,-121.4238,14.52,84,100,6.69,US,1707158000
180,abalak,58.1286,68.5944,-2.58,97,100,5.48,RU,1707158000
181,paphos,34.7667,32.4167,15.88,63,75,4.63,CY,1707158001
182,bac lieu,9.285,105.7244,24.85,87,19,3.52,VN,1707158001
183,makarov,48.6333,142.8,-17.88,93,16,1.61,RU,1707158001
184,afaahiti,-17.75,-149.2833,23.93,95,100,10.76,PF,1707158002
185,carnarvon,-24.8667,113.6333,27.65,37,11,8.88,AU,1707158002
186,tyukalinsk,55.8732,72.1967,0.29,90,100,9.01,RU,1707158002
187,lodeynoye pole,60.726,33.5531,-8.52,94,95,3.09,RU,1707158002
188,bandarbeyla,9.4942,50.8122,25.57,77,100,5.86,SO,1707158003
189,tobelo,1.7284,128.0095,25.54,85,100,2.75,ID,1707158003
190,al bayda',32.7627,21.7551,10.2,92,72,4.65,LY,1707158003
191,sabha,27.0377,14.4283,12.9,37,0,3.48,LY,1707158003
192,new norfolk,-42.7826,147.0587,11.72,78,93,1.22,AU,1707157960
193,colares,38.7992,-9.4469,16.55,86,0,3.13,PT,1707158004
194,minas de marcona,-15.2119,-75.1103,24.96,60,16,4.61,PE,1707158004
195,tralee,52.2704,-9.7026,11.14,87,40,8.23,IE,1707158004
196,azemmour,33.2895,-8.3425,15.82,74,100,2.42,MA,1707158005
197,faya-largeau,17.9257,19.1043,19.11,21,70,9.87,TD,1707158005
198,bodaybo,57.8506,114.1933,-14.97,93,100,0.78,RU,1707158005
199,haiku-pauwela,20.9219,-156.3051,21.13,75,20,8.94,US,1707158005
200,kaa-khem,51.6833,94.7333,-24.77,95,27,1.44,RU,1707158006
201,hamilton,39.1834,-84.5333,12.0,44,0,4.63,US,1707157899
202,sao vicente,-23.9631,-46.3919,34.1,40,20,2.57,BR,1707158006
203,palm valley,30.1775,-81.3876,15.14,85,100,6.77,US,1707158006
204,reshetylivka,49.565,34.0782,1.73,71,91,10.32,UA,1707158007
205,ebon,4.582,168.6964,28.04,70,100,8.09,MH,1707158007
206,gannan,47.9147,123.5031,-18.69,96,100,0.99,CN,1707158007
207,dzhalagash,45.0833,64.6667,-0.39,83,100,4.2,KZ,1707158008
208,saudarkrokur,65.7461,-19.6394,-8.24,83,100,4.96,IS,1707158008
209,revda,56.801,59.9303,-3.78,88,61,4.35,RU,1707158008
210,ust-tsilma,65.441,52.1498,-29.66,100,99,0.89,RU,1707158009
211,whitehorse,60.7161,-135.0538,-21.57,77,75,3.09,CA,1707157597
212,ambon,-3.6954,128.1814,26.16,15,75,1.03,ID,1707158009
213,corner brook,48.9667,-57.9484,0.09,92,100,6.98,CA,1707158009
214,harper,4.375,-7.7169,28.05,76,12,4.56,LR,1707158010
215,mirny,62.5353,113.9611,-21.54,100,98,1.16,RU,1707158010
216,gisborne,-38.6533,178.0042,17.5,70,0,2.66,NZ,1707157871
217,adigrat,14.277,39.462,15.83,68,80,1.23,ET,1707158011
218,darchula,29.8412,80.5287,8.67,89,46,1.05,NP,1707158011
219,st. john's,47.5649,-52.7093,2.86,96,100,5.14,CA,1707157946
220,colonia,50.9333,6.95,9.47,75,40,4.12,DE,1707157970
221,azna,33.6095,48.9307,0.57,86,100,2.84,IR,1707158011
222,columbia falls,48.3725,-114.1815,1.18,89,100,1.54,US,1707157974
223,banfora,10.6333,-4.7667,29.73,11,100,2.55,BF,1707158012
224,saint-martin-de-crau,43.6395,4.8127,11.88,81,0,2.06,FR,1707158012
225,yuzhno-kurilsk,44.0306,145.8556,-5.9,60,51,8.4,RU,1707158012
226,chengde,40.9725,117.9361,-6.04,42,16,1.25,CN,1707158012
227,san patricio,28.017,-97.5169,19.97,54,70,7.97,US,1707158013
228,homer,59.6425,-151.5483,-3.06,80,100,0.0,US,1707158013
229,kingston,17.997,-76.7936,28.98,86,75,5.14,JM,1707157717
230,sarmiento,-45.5882,-69.07,28.08,12,2,9.58,AR,1707158013
231,chengdu,30.6667,104.0667,5.94,81,0,1.0,CN,1707158014
232,pariaman,-0.619,100.12,27.03,85,100,1.18,ID,1707158014
233,panambi,-28.2925,-53.5017,29.77,64,100,2.27,BR,1707158014
234,upington,-28.4478,21.2561,34.21,7,0,4.12,ZA,1707158014
235,betio village,1.358,172.9211,29.02,78,100,6.91,KI,1707158014
236,radhanpur,23.8333,71.6,20.49,54,1,1.42,IN,1707158015
237,durres,41.3231,19.4414,7.1,70,6,0.91,AL,1707158015
238,bonthe,7.5264,-12.505,27.55,75,0,4.68,SL,1707158015
239,pacific grove,36.6177,-121.9166,11.55,90,100,3.6,US,1707157829
240,dongola,19.1667,30.4833,16.63,15,99,5.61,SD,1707158016
241,along,28.1667,94.7667,11.75,98,100,0.63,IN,1707158016
242,kerikeri,-35.2268,173.9474,13.84,93,5,1.06,NZ,1707158016
243,selfoss,63.9331,-20.9971,-12.07,80,3,4.49,IS,1707158016
244,badou,7.5833,0.6,27.18,18,28,1.86,TG,1707158016
245,mount isa,-20.7333,139.5,25.87,94,100,1.03,AU,1707157842
246,touros,-5.1989,-35.4608,29.64,66,43,7.01,BR,1707158017
247,sinop,41.7711,34.8709,5.92,81,100,5.55,TR,1707158017
248,eirunepe,-6.6603,-69.8736,27.32,86,100,0.19,BR,1707158017
249,aasiaat,68.7098,-52.8699,-30.26,89,16,3.48,GL,1707158017
250,kalix,65.853,23.1565,-14.8,95,99,3.21,SE,1707158017
251,klyuchi,52.2667,79.1667,-7.6,86,75,4.5,RU,1707158018
252,svetlyy,54.675,20.1347,4.09,80,100,6.59,RU,1707158018
253,phumi veal sre,10.9808,104.7783,25.18,81,14,3.09,KH,1707158018
254,saint-leu,-21.15,55.2833,23.48,69,87,1.93,RE,1707158018
255,khilok,51.3674,110.4676,-21.43,97,7,1.17,RU,1707158019
256,egilsstadir,65.2653,-14.3948,-10.05,79,20,1.03,IS,1707157979
257,bikenibeu village,1.3673,173.1241,28.98,84,75,4.63,KI,1707158019
258,cuyo,10.8525,121.0086,26.36,83,92,7.13,PH,1707158019
259,whangarei,-35.7317,174.3239,14.78,92,22,0.82,NZ,1707158020
260,oyem,1.5995,11.5793,25.35,66,38,2.42,GA,1707158020
261,nelson bay,-32.7167,152.15,24.49,91,100,2.68,AU,1707158020
262,antofagasta,-23.65,-70.4,26.6,64,5,3.75,CL,1707157936
263,lagos,6.5833,3.75,32.18,40,31,2.75,NG,1707157800
264,kamalpur,24.2,91.8333,17.75,58,99,0.66,IN,1707158021
265,whitby,54.4877,-0.615,11.29,77,100,5.36,GB,1707158021
266,moyale,3.5167,39.0584,25.81,34,93,4.46,KE,1707158021
267,liberal,37.0431,-100.921,9.58,87,100,2.06,US,1707158022
268,chiroqchi,39.0336,66.5722,7.2,36,95,3.46,UZ,1707158022
269,acapulco de juarez,16.8634,-99.8901,29.9,54,0,2.06,MX,1707158022
270,prince rupert,54.3161,-130.3201,3.83,100,0,9.77,CA,1707158022
271,kuusamo,65.9667,29.1833,-15.98,85,75,3.09,FI,1707157765
272,minas de barroteran,27.6333,-101.2833,19.27,28,0,4.17,MX,1707158023
273,pindushi,62.9152,34.58,-14.5,95,100,2.81,RU,1707158023
274,novouzensk,50.4592,48.1431,0.0,97,100,7.15,RU,1707158023
275,fort bragg,35.139,-79.006,14.55,39,20,5.66,US,1707158023
276,ulladulla,-35.35,150.4667,22.09,96,100,2.99,AU,1707158024
277,san martin de los andes,-40.1604,-71.3486,23.14,50,58,4.92,AR,1707158024
278,howrah,22.5892,88.3103,21.0,83,0,3.09,IN,1707158024
279,rongelap,11.1635,166.8941,26.15,83,96,9.01,MH,1707158024
280,bereeda,11.8704,51.0579,25.44,77,10,2.98,SO,1707158025
281,ciudad lazaro cardenas,17.9583,-102.2,28.39,60,0,4.58,MX,1707158025
282,ha giang,22.8333,104.9833,19.75,98,44,1.27,VN,1707158025
283,tazovsky,67.4667,78.7,-24.96,100,41,3.56,RU,1707158025
284,yulinshi,38.2906,109.7494,-7.48,81,7,3.31,CN,1707158026
285,mulayjah,27.271,48.4242,14.33,54,0,3.19,SA,1707158026
286,hami,42.8,93.45,-4.7,62,6,2.64,CN,1707158026
287,margate,51.3813,1.3862,10.62,81,100,5.81,GB,1707157976
288,zafferana etnea,37.6822,15.108,10.9,76,0,1.56,IT,1707158027
289,babu,24.4167,111.5167,6.23,94,100,2.22,CN,1707158027
290,pandan,14.0453,124.1694,25.17,89,75,5.17,PH,1707157968
291,kapuskasing,49.4169,-82.4331,-2.95,100,100,0.51,CA,1707158027
292,velizh,55.6056,31.1967,-6.85,96,13,2.32,RU,1707158027
293,vorgashor,67.5833,63.95,-23.63,99,17,2.28,RU,1707158028
294,greymouth,-42.4667,171.2,14.0,91,100,1.77,NZ,1707158028
295,mitu,1.1983,-70.1733,25.35,95,100,1.76,CO,1707158028
296,vila velha,-20.3297,-40.2925,29.97,78,20,6.69,BR,1707157970
297,simanggang,1.2472,111.4528,25.01,94,100,0.0,MY,1707158029
298,viedma,-40.8135,-62.9967,37.72,18,0,7.19,AR,1707157877
299,esil,51.9556,66.4042,0.07,95,100,10.54,KZ,1707158029
300,stung treng,13.5259,105.9683,25.68,56,55,2.13,KH,1707158029
301,salinopolis,-0.6136,-47.3561,29.28,70,65,5.79,BR,1707158030
302,ocean shores,46.9737,-124.1563,8.86,80,100,2.57,US,1707157983
303,usinsk,65.9939,57.5281,-28.85,100,62,0.45,RU,1707158030
304,nova vicosa,-17.8919,-39.3719,28.82,67,61,4.83,BR,1707158030
305,balabac,7.9868,117.0645,26.74,75,98,5.03,PH,1707158030
306,alappuzha,9.49,76.3264,25.81,81,1,1.99,IN,1707158031
307,abilene,32.4487,-99.7331,12.88,66,100,6.69,US,1707158031
308,greifswald,54.1,13.3833,7.26,100,100,11.68,DE,1707157578
309,zambezi,-13.5432,23.1047,22.28,81,78,2.23,ZM,1707158032
310,phan rang-thap cham,11.5667,108.9833,21.52,89,44,2.24,VN,1707158032
311,hun,29.1268,15.9477,13.67,49,0,2.33,LY,1707158032
312,santa catarina,-27.0,-50.0,32.4,34,100,2.39,BR,1707158032
313,mumford,5.2618,-0.759,26.75,82,17,4.47,GH,1707158032
314,lionel town,17.8101,-77.2406,29.39,75,31,6.11,JM,1707158033
315,kodiak,57.79,-152.4072,0.73,93,100,3.09,US,1707158033
316,sarpsborg,59.2839,11.1096,-0.78,74,100,0.91,NO,1707157939
317,xinyi,22.373,110.9475,17.59,91,22,1.55,CN,1707158033
318,ola,59.5833,151.2833,-21.59,82,100,4.49,RU,1707158034
319,mala bilozerka,47.2474,34.9346,4.49,76,100,11.55,UA,1707158034
320,emerald,-23.5333,148.1667,23.52,82,85,4.5,AU,1707157958
321,huanggang,23.677,116.9996,15.94,82,47,4.32,CN,1707158034
322,cill airne,52.05,-9.5167,11.03,87,40,8.23,IE,1707158034
323,milledgeville,33.0801,-83.2321,10.14,84,100,2.57,US,1707158035
324,aswan,24.0934,32.907,14.68,35,1,5.1,EG,1707158035
325,sao lourenco do oeste,-26.3592,-52.8511,30.36,40,41,1.97,BR,1707158035
326,herkimer,43.0256,-74.986,4.34,59,10,2.68,US,1707158035
327,tazacorte,28.629,-17.9293,22.86,22,0,2.57,ES,1707158035
328,kegen,43.0197,79.2203,-15.21,77,100,3.01,KZ,1707158036
329,kirensk,57.7853,108.1119,-7.24,94,100,4.47,RU,1707158000
330,bayt al faqih,14.5164,43.3245,25.52,76,98,1.5,YE,1707158036
331,akureyri,65.6835,-18.0878,-7.04,73,75,6.17,IS,1707158016
332,albatera,38.179,-0.8706,16.18,73,100,0.47,ES,1707158037
333,sparti,37.0733,22.4297,13.3,62,0,2.72,GR,1707158037
334,udomlya,57.8794,34.9925,-7.38,98,99,1.62,RU,1707158037
335,cabo san lucas,22.8909,-109.9124,28.67,45,0,1.03,MX,1707157869
336,thurso,58.5927,-3.5259,4.14,99,100,4.28,GB,1707158037
337,ta`u,-14.2336,-169.5144,28.22,79,69,3.62,AS,1707158038
338,saipan,15.1355,145.701,24.39,73,40,4.12,MP,1707158038
339,magadan,59.5667,150.8,-21.93,76,100,4.08,RU,1707158038
340,kiunga,-6.1219,141.2906,23.07,100,100,0.94,PG,1707158038
341,vilyuchinsk,52.9306,158.4028,-10.85,80,75,4.38,RU,1707158038
342,tadine,-21.55,167.8833,25.61,85,100,7.35,NC,1707158039
343,owando,-0.4819,15.8999,26.35,59,49,1.47,CG,1707158039
344,bismarck,46.8083,-100.7837,3.14,98,100,5.14,US,1707157960
345,codajas,-3.8367,-62.0569,30.99,66,86,1.36,BR,1707158039
346,ilulissat,69.2167,-51.1,-20.99,54,20,5.66,GL,1707157960
347,ormara,25.2088,64.6357,22.19,64,34,5.67,PK,1707157996
348,dogbo,6.8167,1.7833,27.19,42,9,2.3,BJ,1707158040
349,nuuk,64.1835,-51.7216,-11.66,72,75,6.69,GL,1707157841
350,gereida,11.2811,25.1414,22.75,15,60,5.51,SD,1707158040
351,sannicolau mare,46.0833,20.6333,10.14,76,2,3.49,RO,1707158040
352,fortuna,40.5982,-124.1573,10.75,96,100,3.09,US,1707158041
353,la'ie,21.6477,-157.9253,21.73,73,67,4.47,US,1707158041
354,necochea,-38.5473,-58.7368,30.8,35,100,2.6,AR,1707158041
355,kupang,-10.1667,123.5833,25.82,89,100,2.11,ID,1707158041
356,namdrik,5.5994,168.1028,27.83,75,100,7.62,MH,1707158041
357,sibu,2.3,111.8167,26.17,94,40,0.0,MY,1707158042
358,murzuq,25.9155,13.9184,12.93,32,0,4.01,LY,1707157895
359,martapura,-3.4167,114.85,26.05,100,100,1.03,ID,1707158043
360,sinabang,2.4803,96.3801,27.07,81,100,1.42,ID,1707158043
361,lebu,-37.6167,-73.65,20.06,70,100,3.36,CL,1707157916
362,mata-utu,-13.2816,-176.1745,28.25,76,100,2.04,WF,1707158044
363,embu,-23.6489,-46.8522,30.75,76,94,3.38,BR,1707158044
364,vanimo,-2.6741,141.3028,25.48,93,100,3.2,PG,1707158044
365,china,25.7,-99.2333,21.25,30,0,12.49,MX,1707158044
366,santo antonio,-6.3106,-35.4789,32.18,45,18,7.13,BR,1707158044
367,okhotsk,59.3833,143.3,-23.22,80,9,6.08,RU,1707158045
368,katsuren-haebaru,26.3369,127.8719,17.01,73,100,3.6,JP,1707158045
369,new shagunnu,10.3396,4.4688,28.69,25,100,2.85,NG,1707158045
370,hithadhoo,-0.6,73.0833,28.49,75,100,3.43,MV,1707158045
371,valparaiso,-33.0393,-71.6273,27.13,54,17,5.66,CL,1707158007
372,cova figueira,14.8905,-24.2934,22.13,61,0,4.07,CV,1707158046
373,ak'ordat,15.5486,37.8867,22.53,53,78,3.94,ER,1707158046
374,maple glen,40.0156,-79.9767,9.68,50,4,1.34,US,1707158046
375,oranjemund,-28.55,16.4333,20.46,80,4,4.78,NA,1707158046
376,zheleznodorozhnyy,55.7503,38.0042,-2.71,93,100,2.24,RU,1707158047
377,massawa,15.6097,39.45,25.03,69,100,3.4,ER,1707158047
378,panshi,42.9422,126.0561,-17.58,97,100,1.37,CN,1707158047
379,the pas,53.8251,-101.2541,1.01,100,100,3.09,CA,1707158047
380,bandon,51.7469,-8.7425,11.77,81,100,8.08,IE,1707158048
381,korla,41.7597,86.1469,-5.02,74,10,1.86,CN,1707158048
382,nadym,65.5333,72.5167,-24.66,99,69,4.44,RU,1707158048
383,paramonga,-10.6667,-77.8333,26.91,68,29,4.38,PE,1707158049
384,sakassou,7.4546,-5.2926,30.91,17,99,1.81,CI,1707158049
385,saldanha,-33.0117,17.9442,23.03,94,52,2.54,ZA,1707158049
386,feijo,-8.1642,-70.3536,29.08,76,87,1.64,BR,1707158050
387,sitka,57.0531,-135.33,3.94,87,75,3.09,US,1707157986
388,qom,34.6401,50.8764,9.49,38,100,8.11,IR,1707158050
389,chos malal,-37.3781,-70.2709,34.24,6,79,3.58,AR,1707158050
390,tsiombe,-25.3,45.4833,23.97,91,100,4.61,MG,1707158051
391,palmer,42.1584,-72.3287,5.78,26,0,9.26,US,1707157939
392,vorkuta,67.5,64.0,-24.2,99,16,1.94,RU,1707158051
393,key west,24.5557,-81.7826,21.67,82,100,4.63,US,1707158051
394,kolonia town,6.964,158.206,27.23,71,100,7.59,FM,1707158051
395,pirenopolis,-15.8525,-48.9592,27.27,82,100,0.9,BR,1707158052
396,grand falls-windsor,48.9332,-55.6649,0.28,95,100,3.13,CA,1707158052
397,derebucak,37.3918,31.5092,3.8,62,11,0.82,TR,1707158052
398,quepos,9.4236,-84.1652,30.55,58,24,4.44,CR,1707158052
399,santa marta de ortigueira,43.6833,-7.85,14.5,77,100,1.47,ES,1707158053
400,khorixas,-20.3667,14.9667,27.31,50,100,2.56,NA,1707158053
401,tome acu,-2.4189,-48.1522,28.97,71,100,1.35,BR,1707158053
402,ulsteinvik,62.3432,5.8487,-0.38,93,100,0.89,NO,1707158053
403,north bend,43.4065,-124.2243,8.48,93,100,1.54,US,1707158054
404,turpan,42.9333,89.1667,-0.07,48,3,0.43,CN,1707158054
405,santa rosa de rio primero,-31.1523,-63.4019,38.84,27,34,6.31,AR,1707158059
406,belyy yar,53.6039,91.3903,-12.06,85,92,2.0,RU,1707158059
407,galliano,29.4422,-90.2992,12.78,81,100,8.55,US,1707158059
408,yorkton,51.2167,-102.4677,0.91,93,100,5.14,CA,1707157801
409,tuy hoa,13.0833,109.3,21.72,93,32,1.05,VN,1707158060
410,el abiodh sidi cheikh,32.893,0.5484,10.36,35,97,2.3,DZ,1707158060
411,kayangel,8.0823,134.7173,27.62,85,100,9.88,PW,1707158060
412,baramati,18.15,74.5833,25.33,35,4,3.49,IN,1707158061
413,oistins,13.0667,-59.5333,29.05,79,20,7.72,BB,1707158061
414,newman,37.3138,-121.0208,16.25,88,100,1.34,US,1707158061
415,labrador city,52.9463,-66.9114,-13.05,47,20,2.06,CA,1707158061
416,crane,31.3974,-102.3501,12.85,46,0,3.12,US,1707158035
417,zhezqazghan,47.7833,67.7667,-4.74,91,100,4.69,KZ,1707158062
418,lubango,-14.9172,13.4925,18.92,94,75,2.57,AO,1707158062
419,moundou,8.5667,16.0833,27.92,15,27,2.99,TD,1707158062
420,mandera,3.9366,41.867,32.34,22,65,5.72,KE,1707158062
421,atbasar,51.8,68.3333,-0.98,96,100,9.14,KZ,1707158063
422,williams lake,52.1415,-122.1445,-3.3,88,75,1.54,CA,1707158064
423,mukalla,14.5425,49.1242,23.62,75,28,1.28,YE,1707158064
424,praia,14.9215,-23.5087,27.3,50,0,6.69,CV,1707158064
425,ketchikan,55.3422,-131.6461,3.26,75,40,4.63,US,1707158064
426,miryang,35.4933,128.7489,3.14,95,100,1.38,KR,1707158065
427,northam,51.0333,-4.2167,11.33,91,100,9.37,GB,1707158065
428,trairi,-3.2778,-39.2689,30.34,63,28,6.95,BR,1707157832
429,fort mcmurray,56.7268,-111.381,-12.23,78,0,4.12,CA,1707158066
430,fiambala,-27.6871,-67.6149,32.22,32,16,5.6,AR,1707158066
431,nishinoomote,30.7333,131.0,14.72,70,0,11.73,JP,1707158066
432,ilava,48.9977,18.2353,10.66,67,16,0.45,SK,1707158067
433,tiznit,29.5833,-9.5,13.27,46,0,0.35,MA,1707157826
434,smolyaninovo,43.2956,132.4675,-10.37,78,100,1.53,RU,1707158067
435,kolonia,50.9333,6.95,9.47,75,40,4.12,DE,1707157970
436,port arthur,38.8,121.2667,-6.88,63,0,8.69,CN,1707158068
437,tughyl,47.7252,84.2063,-15.05,95,91,1.67,KZ,1707158068
438,morehead city,34.7229,-76.726,14.02,54,75,7.72,US,1707158042
439,sarangani,5.4033,125.4636,26.58,80,100,8.71,PH,1707158069
440,pervomayskoye,43.919,46.7102,3.47,79,100,3.69,RU,1707158069
441,papao,-17.75,-149.55,25.82,89,100,11.02,PF,1707158069
442,livingstonia,-10.606,34.1063,19.52,87,100,1.32,MW,1707158069
443,ndelele,4.0333,14.9333,25.69,26,36,0.86,CM,1707158069
444,aur,8.1499,171.1687,27.16,75,100,8.45,MH,1707158070
445,taroa,8.7058,171.2275,27.19,76,100,7.71,MH,1707158070
446,linxia chengguanzhen,35.6003,103.2064,-5.46,88,100,1.72,CN,1707158070
447,cabedelo,-6.9811,-34.8339,32.37,65,85,5.45,BR,1707158070
448,malvan,16.0667,73.4667,25.49,65,0,5.09,IN,1707158071
449,kovalam,8.3667,76.9967,27.05,74,20,1.54,IN,1707158071
450,san-pedro,4.7485,-6.6363,28.64,72,49,4.05,CI,1707158071
451,mandalgovi,45.7625,106.2708,-18.84,88,5,3.11,MN,1707158071
452,"laikit, laikit ii (dimembe)",1.4792,124.9735,22.47,94,40,1.03,ID,1707158072
453,lanxi,29.2195,119.477,3.26,90,100,2.02,CN,1707158072
454,tukzar,35.9483,66.4213,2.48,40,0,2.64,AF,1707158072
455,taro,-8.3862,115.28,24.0,95,31,0.56,ID,1707158072
456,lecheng,25.1238,113.3254,7.19,94,100,1.5,CN,1707158073
457,bansi,27.1833,82.9333,13.86,95,0,3.6,IN,1707158073
458,tadmur,34.5608,38.2805,11.09,74,98,3.61,SY,1707158073
459,santana,-0.0583,-51.1817,32.1,66,20,5.14,BR,1707158074
460,markovo,57.3206,107.0881,-7.09,89,100,3.13,RU,1707158074
461,vadso,70.0744,29.7487,-3.91,74,75,4.12,NO,1707158074
462,garissa,-0.4536,39.6401,30.22,52,20,4.13,KE,1707158074
463,sambava,-14.2667,50.1667,25.94,86,100,2.14,MG,1707158075
464,cabrobo,-8.5142,-39.31,37.22,20,10,4.96,BR,1707158075
465,qamdo,31.1667,97.2333,-5.23,36,100,3.04,CN,1707158075
466,sol'tsy,58.1239,30.3238,-5.61,94,72,2.52,RU,1707158004
467,myrina,39.8797,25.0742,12.58,71,0,0.0,GR,1707158075
468,priozersk,61.0393,30.1291,-3.89,85,100,3.86,RU,1707157998
469,chenaran,36.6455,59.1212,2.08,64,11,0.78,IR,1707158076
470,funadhoo,6.15,73.2667,27.73,77,5,6.55,MV,1707158076
471,moroni,-11.7022,43.2551,27.73,80,100,3.26,KM,1707158076
472,alexandria,31.2156,29.9553,15.9,67,0,4.79,EG,1707158031
473,douglas,41.3,-96.167,9.77,69,0,3.6,US,1707158077
474,peace river,56.2501,-117.286,-6.83,79,100,2.06,CA,1707158077
475,axim,4.8699,-2.2405,27.34,79,2,3.54,GH,1707158077
476,urengoy,65.9667,78.3667,-28.12,100,100,2.49,RU,1707157893
477,badiyah,22.45,58.8,19.54,70,5,4.27,OM,1707158078
478,fortaleza,-3.7227,-38.5247,33.37,78,20,8.23,BR,1707157897
479,saint-philippe,-21.3585,55.7679,23.77,74,64,4.25,RE,1707158078
480,east wenatchee bench,47.4257,-120.2812,5.6,96,100,2.57,US,1707158078
481,sijunjung,-0.6876,100.9537,22.98,97,100,0.72,ID,1707158079
482,chernyshevskiy,63.0128,112.4714,-21.97,100,100,0.99,RU,1707158037
483,lospalos,-8.5186,127.0025,23.02,94,100,1.38,TL,1707158079
484,st. paul,44.9444,-93.0933,8.14,69,0,0.45,US,1707157823
485,oamaru,-45.0784,170.9801,20.77,44,100,4.16,NZ,1707158079
486,shasta lake,40.6804,-122.3708,12.52,75,100,3.13,US,1707158080
487,muynoq,43.7683,59.0214,3.93,73,100,5.0,UZ,1707158080
488,alpena,45.0617,-83.4327,2.84,89,100,2.06,US,1707158080
489,batie,9.8833,-2.9167,29.34,13,53,2.55,BF,1707158080
490,copiapo,-27.3667,-70.3333,23.83,43,7,5.79,CL,1707157784
491,pankrushikha,53.8319,80.3406,-5.45,87,97,6.37,RU,1707158081
492,bethanie,-26.4833,17.15,30.2,24,15,8.68,NA,1707158081
493,unai,-16.3575,-46.9061,27.76,66,100,1.94,BR,1707158081
494,ust'-ilimsk,58.0006,102.6619,-7.53,81,100,4.02,RU,1707158081
495,borcka,41.3632,41.6765,6.2,91,100,2.33,TR,1707158082
496,nakonde,-9.3421,32.745,16.54,96,100,1.2,ZM,1707158082
497,alice springs,-23.7,133.8833,26.75,39,40,8.23,AU,1707158082
498,illizi,26.4833,8.4667,16.89,31,0,4.63,DZ,1707158082
499,ghanzi,-21.5667,21.7833,29.29,31,100,0.46,BW,1707158083
500,manismata,-2.4667,111.0333,24.09,99,100,1.05,ID,1707158083
501,carutapera,-1.195,-46.02,29.25,69,22,4.35,BR,1707158083
502,borba,-4.3878,-59.5939,32.18,60,77,1.26,BR,1707158083
503,saint-pierre,-21.3393,55.4781,23.82,69,0,4.12,RE,1707158083
504,ampara,7.2833,81.6667,23.23,90,48,2.31,LK,1707158084
505,aykhal,66.0,111.5,-21.93,100,100,2.6,RU,1707158084
506,dunedin,-45.8742,170.5036,16.96,66,100,1.73,NZ,1707158084
507,selkirk,50.1436,-96.8845,1.16,96,56,2.68,CA,1707158029
508,solnechnogorsk,56.1833,36.9833,-4.09,96,98,2.41,RU,1707158085
509,barra de santo antonio,-9.4047,-35.5072,31.6,68,38,4.52,BR,1707158085
510,nagar karnul,16.4821,78.3247,24.15,55,0,1.54,IN,1707158085
511,eyl,7.9803,49.8164,25.8,67,89,6.44,SO,1707158085
512,mercedes,-34.6515,-59.4307,39.13,26,18,4.19,AR,1707158086
513,sao gabriel da cachoeira,-0.1303,-67.0892,30.89,70,75,2.06,BR,1707158086
514,cadillac,44.2519,-85.4012,6.0,70,0,1.54,US,1707157924
515,rodolfo sanchez taboada,31.7167,-116.5667,17.28,62,100,2.68,MX,1707158087
516,ust'-kulom,61.6864,53.6902,-14.99,96,100,2.73,RU,1707158087
517,ilhabela,-23.7781,-45.3581,28.05,65,100,1.66,BR,1707158087
518,mermoz boabab,14.7065,-17.4758,33.31,57,0,3.09,SN,1707158088
519,island harbour,50.724,-1.2758,11.2,89,100,4.47,GB,1707158088
520,san antonio de pale,-1.4014,5.6325,27.57,76,67,2.0,GQ,1707158088
521,berezovo,63.9381,65.0419,-23.38,99,100,2.54,RU,1707158089
522,mazagao,-0.115,-51.2894,32.03,51,27,3.44,BR,1707158089
523,mastic beach,40.7668,-72.8521,7.21,36,0,5.14,US,1707158089
524,flying fish cove,-10.4217,105.6791,23.82,94,100,3.09,CX,1707158018
525,aleksandrovsk-sakhalinskiy,50.8975,142.1561,-23.02,99,51,1.6,RU,1707158090
526,igunga,-4.2833,33.8833,20.23,87,6,1.73,TZ,1707158090
527,kokopo,-4.352,152.2633,25.47,83,100,0.94,PG,1707158090
528,pangkalanbuun,-2.6833,111.6167,24.26,98,100,1.13,ID,1707158091
529,maloye ganyushkino,46.6,49.2667,2.71,91,100,6.86,KZ,1707158091
530,bossangoa,6.4926,17.4552,27.43,19,0,1.61,CF,1707158091
531,susuman,62.7833,148.1667,-28.9,89,100,1.34,RU,1707158091
532,krasnyy chikoy,50.3643,108.7512,-22.9,100,97,0.65,RU,1707158091
533,inverell,-29.7833,151.1167,23.15,89,100,0.89,AU,1707158091
534,miranda,3.2499,-76.2281,26.32,73,76,1.04,CO,1707158092
535,kamphaeng phet,16.25,99.5,23.28,30,0,1.67,TH,1707158092
536,walvis bay,-22.9575,14.5053,21.53,83,7,2.06,NA,1707158092
537,cidreira,-30.1811,-50.2056,26.01,80,32,5.1,BR,1707158092
538,karasuk,53.7377,78.0403,-4.7,88,95,6.32,RU,1707157950
539,gunnedah,-30.9833,150.25,25.32,56,100,0.96,AU,1707158093
540,kuacjok,8.3002,27.9903,27.09,18,96,2.48,SS,1707158093
541,callao,-12.0667,-77.15,29.16,58,0,5.66,PE,1707158093
542,nabire,-3.3667,135.4833,24.49,93,97,1.57,ID,1707158094
543,el jadid,33.2549,-8.506,16.77,72,100,2.62,MA,1707158094
544,nueva concepcion,14.2,-91.3,34.27,39,12,4.94,GT,1707158094
545,luanda,-8.8368,13.2343,28.0,83,40,4.63,AO,1707157896
546,goundi,9.3627,17.366,28.9,15,100,2.49,TD,1707158095
547,soio,-6.1349,12.3689,27.62,82,100,2.5,AO,1707158095
548,antsiranana,-12.2787,49.2917,24.79,93,31,2.42,MG,1707158095
549,wamba,8.9333,8.6,26.05,16,70,1.73,NG,1707158095
550,vung tau,10.346,107.0843,25.05,87,10,6.23,VN,1707158095
551,ginir,7.1333,40.7,18.24,34,40,0.78,ET,1707158095
552,novhorod-sivers'kyy,52.0058,33.2615,-0.83,90,100,4.88,UA,1707158096
553,richards bay,-28.783,32.0377,23.55,88,98,2.02,ZA,1707158096
554,aoulef,26.9667,1.0833,17.74,18,28,4.91,DZ,1707158096
555,karakecili,39.5942,33.3778,6.36,77,100,3.5,TR,1707158096
556,ed damer,17.5928,33.9592,21.05,17,100,7.68,SD,1707158097
557,tongliao,43.6125,122.2653,-15.86,94,100,1.53,CN,1707158097
558,griffith,41.5284,-87.4237,7.27,83,100,4.63,US,1707158097
559,bakanas,44.8081,76.2772,-3.67,89,87,2.99,KZ,1707158097
560,santa ines,-3.6667,-45.38,29.28,77,77,1.65,BR,1707158097
561,tulsipur,28.131,82.2973,10.29,88,0,2.04,NP,1707158098
562,malmberget,67.1753,20.6549,-8.69,93,100,1.03,SE,1707158098
563,bovril,-31.3431,-59.4451,40.54,22,34,4.71,AR,1707158098
564,extrema,-22.8547,-46.3183,22.86,75,100,1.3,BR,1707158098
565,nemuro,43.3236,145.575,-6.98,74,99,6.82,JP,1707158099
566,camana,-16.6228,-72.7111,26.06,76,17,3.5,PE,1707158099
567,dryden,49.7833,-92.7503,2.16,93,100,2.57,CA,1707158099
568,mogadishu,2.0371,45.3438,26.87,80,65,9.99,SO,1707158099
569,mikhaylovsk,45.1283,42.0256,3.21,100,100,10.0,RU,1707158100
570,las tablas,7.7667,-80.2833,35.1,99,73,2.66,PA,1707158100
571,lexington,37.9887,-84.4777,13.47,34,0,6.17,US,1707157947
572,dahab,28.501,34.5134,16.3,35,0,5.9,EG,1707158100
573,kalmunai,7.4167,81.8167,24.9,83,56,3.78,LK,1707158100
